Famous Question,368411
Great Answer,38393
Fanatic,21236
Great Question,17404
Unsung Hero,14749
Electorate,12238
Populist,12112
Steward,8962
Stellar Question,4310
Socratic,2616
Copy Editor,2188
Marshal,1895
Publicist,669
c#,475
java,429
c++,340
javascript,336
python,315
Reversal,254
Legendary,216
php,209
jquery,203
android,198
c,142
sql,126
ios,115
.net,109
objective-c,109
html,108
css,98
r,96
iphone,88
mysql,81
sql-server,62
Illuminator,60
ruby,60
regex,54
ruby-on-rails,49
bash,44
haskell,44
perl,42
asp.net,42
c++11,37
linux,36
arrays,36
wpf,32
scala,32
angularjs,30
delphi,30
django,29
Sheriff,28
swift,27
git,26
string,25
linq,25
matlab,22
oracle,22
tsql,21
asp.net-mvc,20
node.js,20
xml,19
shell,18
vb.net,18
powershell,17
postgresql,17
multithreading,17
pointers,16
spring,16
swing,16
algorithm,15
list,14
excel,14
mongodb,14
sql-server-2008,14
go,13
pandas,13
numpy,13
vim,13
vba,12
eclipse,12
winforms,11
database,11
xcode,11
cocoa,10
unix,10
awk,10
batch-file,10
windows,10
templates,10
json,9
sed,9
entity-framework,9
f#,9
css3,8
laravel,8
sql-server-2005,8
generics,8
clojure,8
python-2.7,8
xslt,8
facebook,7
rust,7
ajax,7
excel-vba,7
hibernate,7
opengl,6
java-8,6
xaml,6
asp.net-mvc-3,6
svn,6
datetime,6
html5,6
jpa,6
typescript,6
qt,6
wcf,6
visual-studio,6
python-3.x,5
wolfram-mathematica,5
winapi,5
spring-mvc,5
dataframe,5
core-data,5
grails,5
emacs,5
azure,5
ruby-on-rails-3,5
plsql,5
magento,5
assembly,5
async-await,5
data.table,5
ggplot2,5
prolog,4
laravel-4,4
matplotlib,4
gradle,4
cakephp,4
lua,4
twitter-bootstrap,4
coldfusion,4
xpath,4
gcc,4
google-maps,4
nhibernate,4
flask,4
apache,4
fortran,4
elasticsearch,4
ms-access,4
jsp,4
jtable,4
svg,4
jquery-mobile,4
google-chrome-extension,4
javafx,4
google-app-engine,4
osx,4
performance,4
stl,4
ember.js,4
task-parallel-library,4
groovy,4
angular2,3
hadoop,3
mercurial,3
scheme,3
.htaccess,3
jframe,3
selenium,3
asp.net-web-api,3
d,3
meteor,3
pdf,3
symfony2,3
sqlite,3
opencv,3
user-interface,3
unicode,3
select,3
sockets,3
unit-testing,3
dictionary,3
asynchronous,3
floating-point,3
cuda,3
d3.js,3
javafx-2,3
backbone.js,3
java-stream,3
wix,3
android-studio,3
jpanel,3
google-chrome,3
visual-studio-2010,3
mod-rewrite,3
cocoa-touch,3
canvas,3
lambda,3
express,3
dart,3
razor,2
twitter-bootstrap-3,2
sqlalchemy,2
firefox-addon,2
firebase,2
amazon-web-services,2
highcharts,2
ef-code-first,2
validation,2
dll,2
cordova,2
cassandra,2
zend-framework,2
spring-boot,2
stored-procedures,2
xamarin.ios,2
kendo-ui,2
html5-canvas,2
oop,2
matrix,2
makefile,2
servlets,2
jquery-ui,2
vbscript,2
google-apps-script,2
elixir,2
promise,2
image-processing,2
ecmascript-6,2
neo4j,2
function,2
parsing,2
linq-to-sql,2
itextsharp,2
racket,2
spring-integration,2
c#-4.0,2
entity-framework-4,2
playframework,2
web-services,2
reactjs,2
gnuplot,2
ssl,2
ocaml,2
boost,2
phpunit,2
visual-studio-2008,2
maven-2,2
django-models,2
redirect,2
tfs,2
twisted,2
facebook-graph-api,2
debugging,2
exception,2
security,2
oracle11g,2
scipy,2
google-maps-api-3,2
struts2,2
codeigniter,2
timezone,2
jsf,2
entity-framework-4.1,2
css-shapes,2
elisp,2
ant,2
grep,2
paypal,2
java-ee,2
erlang,2
windows-phone-7,2
sorting,2
database-design,2
maven,2
version-control,2
mpi,2
beautifulsoup,2
encryption,2
reflection,2
date,2
scikit-learn,2
common-lisp,2
apache-spark,2
solr,2
http,2
visual-c++,2
dom,2
class,2
ruby-on-rails-4,2
knockout.js,2
dependency-injection,2
drupal,2
coffeescript,2
casting,1
embedded,1
zend-framework2,1
sails.js,1
antlr,1
zlib,1
reporting-services,1
vector,1
session,1
internet-explorer,1
webstorm,1
ravendb,1
x86,1
itext,1
iis,1
google-bigquery,1
join,1
momentjs,1
windows-azure-storage,1
ormlite,1
compact-framework,1
ienumerable,1
nuget,1
drupal-7,1
boost-spirit,1
jquery-validate,1
tensorflow,1
osgi,1
file,1
list-comprehension,1
yii2,1
time-complexity,1
struct,1
sonarqube,1
methods,1
xna,1
apache-spark-sql,1
heroku,1
jdbc,1
sass,1
core-plot,1
junit,1
rest,1
glsl,1
rdf,1
sql-injection,1
github,1
apache-camel,1
gitlab,1
bluetooth-lowenergy,1
extjs,1
web2py,1
jaxb,1
jquery-selectors,1
jenkins,1
ms-word,1
access-vba,1
excel-formula,1
tkinter,1
vb6,1
subprocess,1
sprite-kit,1
javafx-8,1
proguard,1
richfaces,1
django-forms,1
docker,1
pivot,1
tuples,1
mkmapview,1
wxpython,1
inheritance,1
graphviz,1
curl,1
phpexcel,1
websphere-mq,1
memory,1
windows-mobile,1
mongoose,1
ninject,1
plpgsql,1
scrapy,1
fiddler,1
android-intent,1
jqgrid,1
character-encoding,1
cocos2d-iphone,1
tcp,1
tcl,1
jsf-2,1
spring-data,1
guava,1
cmake,1
cryptography,1
com,1
cmd,1
inversion-of-control,1
ghostscript,1
events,1
jekyll,1
pyramid,1
intellij-idea,1
playframework-2.0,1
memory-management,1
tinymce,1
facelets,1
plone,1
jvm,1
polymer,1
collections,1
redis,1
sqlite3,1
rcpp,1
asp.net-mvc-4,1
h2,1
android-activity,1
xamarin,1
model-view-controller,1
firefox,1
rspec,1
simd,1
django-admin,1
interop,1
rvm,1
pinvoke,1
windows-installer,1
fancybox,1
sublimetext,1
google-cloud-messaging,1
sse,1
greasemonkey,1
protobuf-net,1
android-layout,1
eclipse-plugin,1
android-actionbar,1
lisp,1
pyqt,1
branch,1
concurrency,1
service,1
mod-wsgi,1
push-notification,1
compression,1
android-fragments,1
enums,1
z3,1
akka,1
dapper,1
ibm-mobilefirst,1
forms,1
blackberry,1
visual-studio-2012,1
uitableview,1
android-gradle,1
servlet-filters,1
eloquent,1
sql-server-2008-r2,1
sublimetext2,1
arm,1
webgl,1
build.gradle,1
automapper,1
clearcase,1
protocol-buffers,1
tortoisesvn,1
datatable,1
jfreechart,1
actionscript-3,1
delphi-7,1
sitecore,1
networking,1
openmp,1
managed-bean,1
mocha,1
angular-ui-router,1
el,1
three.js,1
protractor,1
flexbox,1
knitr,1
system.reactive,1
testing,1
google-spreadsheet,1
gwt,1
pydev,1
jmeter,1
cluster-analysis,1
wordpress,1
jackson,1
c++-cli,1
.net-3.5,1
static,1
contenteditable,1
stata,1
mvvmcross,1
signalr,1
oracle10g,1
mysqli,1
broadcastreceiver,1
mootools,1
data-structures,1
orm,1
dotnetopenauth,1
boost-asio,1
sublimetext3,1
ibeacon,1
ffmpeg,1
delegates,1
windows-runtime,1
indy,1
outlook,1
applet,1
apache-poi,1
flex,1
laravel-5,1
msbuild,1
phantomjs,1
opengl-es,1
xml-serialization,1
mule,1
web-scraping,1
phpstorm,1
firebase-database,1
composite-component,1
types,1
csv,1
jax-rs,1
git-submodules,1
sas,1
django-templates,1
linq-to-xml,1
mongodb-query,1
antlr3,1
imagemagick,1
encoding,1
math,1
dplyr,1
jetty,1
swt,1
big-o,1
websocket,1
wamp,1
aggregation-framework,1
serialization,1
utf-8,1
asp-classic,1
machine-learning,1
file-upload,1
boto,1
interface,1
awt,1
nsis,1
ckeditor,1
google-analytics,1
openssl,1
ssis,1
pdo,1
constructor,1
.net-4.0,1
vectorization,1
merge,1
less,1
simple-injector,1
selenium-webdriver,1
tomcat,1
python-requests,1
sparql,1
xsd,1
nltk,1
underscore.js,1
lucene,1
silverlight,1
jersey,1
inno-setup,1
garbage-collection,1
delphi-xe,1
arraylist,1
google-visualization,1
file-io,1
css-selectors,1
primefaces,1
windows-ce,1
active-directory,1
jstl,1
data-binding,1
servicestack,1
delphi-xe2,1
bitbucket,1
clr,1
gdb,1
c++14,1
object,1
gzip,1
pyspark,1
ssh,1
asp.net-mvc-2,1
json.net,1
pyqt4,1
couchdb,1
Constable,0
